proj_org_code,proj_code,proj_key
1-SC,CUSTOMER_RELATIONS,10902
11THHOURSERVICE,CUSTOMER_RELATIONS,11981
21CENTURYSFTWRE,CUSTOMER_RELATIONS,3951
2CIRCLEINC,CUSTOMER_RELATIONS,3689
2NDWAVELLC,CUSTOMER_RELATIONS,13724
3DSYSTEMS_ARONSON,CUSTOMER_RELATIONS,11919
3RD-RIVER,CUSTOMER_RELATIONS,10952
4CNORTHAMERICA,CUSTOMER_RELATIONS,7743
5DSYSTEMS,CUSTOMER_RELATIONS,7456
5SR-HSV,CUSTOMER_RELATIONS,11978
99999CONSULTING,CUSTOMER_RELATIONS,6453
A1CPARTNERS_ARONSON,CUSTOMER_RELATIONS,11787
A2MAVIATION,CUSTOMER_RELATIONS,4556
A3CONSULTINGLLC,CUSTOMER_RELATIONS,7362
AABB,CUSTOMER_RELATIONS,2742
AAMVA,CUSTOMER_RELATIONS,2653
ABBOTTMOLECULAR,CUSTOMER_RELATIONS,3023
ABBTECH,CUSTOMER_RELATIONS,10532
ABVIRO,CUSTOMER_RELATIONS,8416
ACCELERED,CUSTOMER_RELATIONS,11809
ACCENTUREFEDERAL,CUSTOMER_RELATIONS,8901
ACCESSSCIENCES,CUSTOMER_RELATIONS,4004
ACCOLADE-LLC,CUSTOMER_RELATIONS,13580
ACCORDFEDERAL,CUSTOMER_RELATIONS,11373
ACDIVOCA,CUSTOMER_RELATIONS,8487
ACENDACONSULTING,CUSTOMER_RELATIONS,2622
ACESGROUP,CUSTOMER_RELATIONS,7671
ACHAOGEN,CUSTOMER_RELATIONS,1728
ACIEDGE,CUSTOMER_RELATIONS,10271
ACQME,CUSTOMER_RELATIONS,9684
ACQSYS,CUSTOMER_RELATIONS,13710
ACUITY,CUSTOMER_RELATIONS,3683
ACUITYS,CUSTOMER_RELATIONS,7102
ADDXCORPORATION,CUSTOMER_RELATIONS,1487
ADERAS,CUSTOMER_RELATIONS,2253
ADHOCTEAM,CUSTOMER_RELATIONS,11743
ADVANCEDENERGY,CUSTOMER_RELATIONS,7445
ADVANCEDPROGRAMS,CUSTOMER_RELATIONS,2464
ADVANCEDVLLC,CUSTOMER_RELATIONS,7270
ADVANTAGESCI,CUSTOMER_RELATIONS,13702
ADVATECHPACIFIC,CUSTOMER_RELATIONS,1535
ADVENTADVISORYGROUP,CUSTOMER_RELATIONS,9700
ADVENTINTERNATIONALCORP,CUSTOMER_RELATIONS,1571
AEGIS.NET,CUSTOMER_RELATIONS,3495
AEGISTECHNOLOGIES,CUSTOMER_RELATIONS,3466
AERONIX,CUSTOMER_RELATIONS,1911
AERPOTENTIA,CUSTOMER_RELATIONS,8386
AESTRATEGIES,CUSTOMER_RELATIONS,7200
AEVEX,CUSTOMER_RELATIONS,13891
AEWELDINGINC,CUSTOMER_RELATIONS,8128
AFRICANWILDLIFEFOUNDATION,CUSTOMER_RELATIONS,1545
AGGRACE,CUSTOMER_RELATIONS,7933
AGI,CUSTOMER_RELATIONS,3070
AGILESIX,CUSTOMER_RELATIONS,6120
AGRIBANK,CUSTOMER_RELATIONS,2186
AIRBORNE-SYS,CUSTOMER_RELATIONS,3365
AIRBUSDSSPACE,CUSTOMER_RELATIONS,1669
AITSYNERGY,CUSTOMER_RELATIONS,11465
AKELA,CUSTOMER_RELATIONS,2511
ALAIRETECHNOLOGIES,CUSTOMER_RELATIONS,1987
ALCHEMY-GLOBAL,CUSTOMER_RELATIONS,7928
ALESIG,CUSTOMER_RELATIONS,8305
ALFONSOASSOCIATES,CUSTOMER_RELATIONS,7142
ALLEGHENYST,CUSTOMER_RELATIONS,14207
ALLIEDMOUNTAIN_GOVIRG,CUSTOMER_RELATIONS,7152
ALPHAFACILITIES,CUSTOMER_RELATIONS,10064
ALTAVIA,CUSTOMER_RELATIONS,11351
ALTUSTS,CUSTOMER_RELATIONS,11411
AMCHES,CUSTOMER_RELATIONS,2600
AMERICANINDUSTRIALHYGIENE,CUSTOMER_RELATIONS,1868
AMERICANINSTITUTE_AIAA,CUSTOMER_RELATIONS,2581
AMERICANPROGRESS,CUSTOMER_RELATIONS,10828
AMERICANPUBLICUNIVERSITY,CUSTOMER_RELATIONS,3175
AMERICANSOCIETY_CIVILENG,CUSTOMER_RELATIONS,1546
AMIDA,CUSTOMER_RELATIONS,10158
AMVETSOLUTIONS,CUSTOMER_RELATIONS,10045
ANALYGENCE,CUSTOMER_RELATIONS,11267
ANALYTICA,CUSTOMER_RELATIONS,7258
ANAVATION,CUSTOMER_RELATIONS,4820
ANAVOTS,CUSTOMER_RELATIONS,2601
ANCONGROUP,CUSTOMER_RELATIONS,1502
ANDRATECH,CUSTOMER_RELATIONS,8655
ANDREWMORGANCONSULT,CUSTOMER_RELATIONS,9972
ANSER,CUSTOMER_RELATIONS,6507
ANSFEDERAL,CUSTOMER_RELATIONS,12334
ANSOLINC,CUSTOMER_RELATIONS,1536
ANTECHSYSTEMS,CUSTOMER_RELATIONS,9541
AOC-LOGISTICS,CUSTOMER_RELATIONS,13737
AP-DYNAMICS,CUSTOMER_RELATIONS,9839
APOGEE-RESEARCH_CORDIA,CUSTOMER_RELATIONS,10262
APOGEEENGINEERING,CUSTOMER_RELATIONS,3262
APOGEEINTEGRATION,CUSTOMER_RELATIONS,2225
APPLIED-INSIGHT,CUSTOMER_RELATIONS,2417
APPLIEDDEFENSE,CUSTOMER_RELATIONS,8496
APPLIEDFUNDAMENTALS_CORD,CUSTOMER_RELATIONS,3680
APPLIEDGEOSOLUTIONS,CUSTOMER_RELATIONS,10113
APPLYLOGIC,CUSTOMER_RELATIONS,3501
ARDENTEAGLESOLUTIONS,CUSTOMER_RELATIONS,9668
ARDENTMC,CUSTOMER_RELATIONS,4397
ARENATECHNOLOGIES,CUSTOMER_RELATIONS,8768
ARLDC,CUSTOMER_RELATIONS,13905
ARRAYINFOTECH,CUSTOMER_RELATIONS,4901
ARROWPOINT,CUSTOMER_RELATIONS,10791
ARTC-NET,CUSTOMER_RELATIONS,7698
ARTEMISCONSULTING,CUSTOMER_RELATIONS,2291
ASCENDRA,CUSTOMER_RELATIONS,3326
ASCOLTA,CUSTOMER_RELATIONS,6264
ASELL-LLC_CORDIA,CUSTOMER_RELATIONS,10053
ASHECONSULTANTS,CUSTOMER_RELATIONS,6367
ASIGINT-ARONSON,CUSTOMER_RELATIONS,12086
ASPLUNDH,CUSTOMER_RELATIONS,7677
ASQUAREGROUP,CUSTOMER_RELATIONS,6217
ASRCFEDERAL,CUSTOMER_RELATIONS,1758
ASWBENGINEERING,CUSTOMER_RELATIONS,4162
AT-LEADERS,CUSTOMER_RELATIONS,8069
ATAC,CUSTOMER_RELATIONS,9673
ATLANTICCOUNCIL,CUSTOMER_RELATIONS,4446
ATSI,CUSTOMER_RELATIONS,7512
ATTAIN,CUSTOMER_RELATIONS,3054
AURORA-INNOVATIONS,CUSTOMER_RELATIONS,10245
AUXILIOMANAGEMENT,CUSTOMER_RELATIONS,7425
AVALEXTECHNOLOGIES,CUSTOMER_RELATIONS,2223
AVANTAVENUE,CUSTOMER_RELATIONS,13728
AVESHKA,CUSTOMER_RELATIONS,6202
AVION,CUSTOMER_RELATIONS,1864
AXIOLOGIC,CUSTOMER_RELATIONS,4658
AXISDATABASE,CUSTOMER_RELATIONS,4277
AXISGROUP,CUSTOMER_RELATIONS,6145
AXSEUM,CUSTOMER_RELATIONS,4049
AXXUMTECH,CUSTOMER_RELATIONS,14061
AYUDACOMPANIES,CUSTOMER_RELATIONS,3115
B&DCONSULTING,CUSTOMER_RELATIONS,3384
B3GROUPINC,CUSTOMER_RELATIONS,8389
BACTEAM,CUSTOMER_RELATIONS,8462
BAINOVA,CUSTOMER_RELATIONS,13624
BALBOABAYPARTNERS,CUSTOMER_RELATIONS,11544
BANC3,CUSTOMER_RELATIONS,6116
BANC3ENGINEERING,CUSTOMER_RELATIONS,8316
BANDAGROUP,CUSTOMER_RELATIONS,2473
BANYANGLOBAL,CUSTOMER_RELATIONS,8349
BARRONCOLLIER,CUSTOMER_RELATIONS,6011
BASE2,CUSTOMER_RELATIONS,13768
BASE2-ARCHIVE,CUSTOMER_RELATIONS,3791
BAYBUSINESS,CUSTOMER_RELATIONS,4437
BBRS-LLC,CUSTOMER_RELATIONS,6471
BCS-HQ,CUSTOMER_RELATIONS,10028
BCTLLC,CUSTOMER_RELATIONS,4243
BCTPARTNERS,CUSTOMER_RELATIONS,6140
BELCAN,CUSTOMER_RELATIONS,14028
BERICOTECHNOLOGIES,CUSTOMER_RELATIONS,6584
BERKELEYAPPLIED_ARONSON,CUSTOMER_RELATIONS,10377
BERKSHIREPLANNING,CUSTOMER_RELATIONS,2479
BESHENICHMUIR,CUSTOMER_RELATIONS,4785
BETAPRIMECONSULTING,CUSTOMER_RELATIONS,7741
BGS-LLC,CUSTOMER_RELATIONS,7905
BIASCORP,CUSTOMER_RELATIONS,2768
BIONETICS,CUSTOMER_RELATIONS,3577
BITRELISH_ARONSON,CUSTOMER_RELATIONS,11672
BIXAL,CUSTOMER_RELATIONS,7706
BLACKHAWKMANAGEMENTCORP,CUSTOMER_RELATIONS,1725
BLACKHORSESOLUTONS,CUSTOMER_RELATIONS,10760
BLACKTURTLEINC,CUSTOMER_RELATIONS,14072
BLACKTUSKGEOPHYSICS,CUSTOMER_RELATIONS,3636
BLACKWATCHINTEL,CUSTOMER_RELATIONS,4601
BLUEBUFFALOCOMPANY,CUSTOMER_RELATIONS,2407
BLUEFINLLC,CUSTOMER_RELATIONS,7437
BLUEOCEAN,CUSTOMER_RELATIONS,6425
BLUEPATHLABS,CUSTOMER_RELATIONS,10885
BLUESTAQ_GOVIRG,CUSTOMER_RELATIONS,10669
BLUESTARSOFTWARE,CUSTOMER_RELATIONS,4058
BM-CONSULTING-GROUP,CUSTOMER_RELATIONS,8751
BONHAMTECHNOLOGIES,CUSTOMER_RELATIONS,3020
BOSTONFUSION,CUSTOMER_RELATIONS,10070
BOWENGROUP,CUSTOMER_RELATIONS,4142
BRAINSCOPE,CUSTOMER_RELATIONS,3314
BRANDESASSOCIATES,CUSTOMER_RELATIONS,1997
BREAKFORTHSOLUTIONS,CUSTOMER_RELATIONS,10125
BREN-TRONICS,CUSTOMER_RELATIONS,3870
BRIDGE12,CUSTOMER_RELATIONS,13660
BRIDGEPHASE,CUSTOMER_RELATIONS,10117
BRILLIENT,CUSTOMER_RELATIONS,11402
BRINGCOM,CUSTOMER_RELATIONS,10662
BROOKFIELDCORPOPS,CUSTOMER_RELATIONS,2476
BRUCKEDWARDS,CUSTOMER_RELATIONS,2593
BRYCETECH,CUSTOMER_RELATIONS,8736
BSQUARE,CUSTOMER_RELATIONS,2758
BSTG_GOVIRG,CUSTOMER_RELATIONS,7974
BSTUSA,CUSTOMER_RELATIONS,10024
BTI360,CUSTOMER_RELATIONS,9950
BUCHANANEDWARDS,CUSTOMER_RELATIONS,3064
BURNSMCDONNELLENGINEERING,CUSTOMER_RELATIONS,2571
BUSINESSHIGHERED,CUSTOMER_RELATIONS,3223
BUSINESSINFOTECH,CUSTOMER_RELATIONS,4091
BUSINESSINTEGRA,CUSTOMER_RELATIONS,4492
BUSINESSMANAGEMENTASSOC,CUSTOMER_RELATIONS,2329
BUSINESSSMARTOPS,CUSTOMER_RELATIONS,1674
BUSINESSTRANSFORMATION,CUSTOMER_RELATIONS,4891
BUTLER,CUSTOMER_RELATIONS,4263
BYTECUBED,CUSTOMER_RELATIONS,6578
C-STRAT,CUSTOMER_RELATIONS,7147
C-TRAC_GOVIRG,CUSTOMER_RELATIONS,8742
C3-INNOVATIONS,CUSTOMER_RELATIONS,11851
C3EL,CUSTOMER_RELATIONS,3484
C5T,CUSTOMER_RELATIONS,10109
CALCULEX,CUSTOMER_RELATIONS,14147
CALVERTSYSTEMSENGINEERING,CUSTOMER_RELATIONS,3528
CAMBIUMLEARNINGGROUP,CUSTOMER_RELATIONS,2617
CAMIRA,CUSTOMER_RELATIONS,7847
CAMPUSWORKS,CUSTOMER_RELATIONS,6080
CANADIANINSTITUTES_HEALTH,CUSTOMER_RELATIONS,1625
CANSOFTTECH,CUSTOMER_RELATIONS,14256
CAPITALEDGECONSULTING,CUSTOMER_RELATIONS,3214
CAPTIVA-INC,CUSTOMER_RELATIONS,7097
CAREINNOVATIONS,CUSTOMER_RELATIONS,14281
CARSONSOLUTIONS,CUSTOMER_RELATIONS,3021
CBEYONDATA,CUSTOMER_RELATIONS,3121
CBRICHARDELLIS_PAS,CUSTOMER_RELATIONS,1975
CCPACESYSTEMS,CUSTOMER_RELATIONS,2161
CCRI,CUSTOMER_RELATIONS,7080
CCSSO,CUSTOMER_RELATIONS,3098
CELLDEXTHERAPEUTICS,CUSTOMER_RELATIONS,1726
CENSEOCONSULTING,CUSTOMER_RELATIONS,9616
CENTERFORINNOVATIVETECH,CUSTOMER_RELATIONS,3580
CENTERPOINTENERGY,CUSTOMER_RELATIONS,6503
CENTRELAWGROUP,CUSTOMER_RELATIONS,9890
CERTIPATH,CUSTOMER_RELATIONS,7964
CHANGEARCHITECT,CUSTOMER_RELATIONS,1736
CHARLESRIVERANALYTICS,CUSTOMER_RELATIONS,3819
CHARTIS,CUSTOMER_RELATIONS,3948
CHEVOCONSULTING,CUSTOMER_RELATIONS,10107
CHICKASAW,CUSTOMER_RELATIONS,3091
CHIMERIX,CUSTOMER_RELATIONS,6573
CHOISYSTECHNOLOGY,CUSTOMER_RELATIONS,10095
CICONIX,CUSTOMER_RELATIONS,10084
CLAXTONLOGISTICSSERVICES,CUSTOMER_RELATIONS,2393
CLEARABILITY,CUSTOMER_RELATIONS,3189
CLEARCREEKAPPLIEDTECH,CUSTOMER_RELATIONS,2125
CLEAREDGEIT,CUSTOMER_RELATIONS,8372
CLEMSONUNIVERSITY,CUSTOMER_RELATIONS,3935
CLRIDGE,CUSTOMER_RELATIONS,12016
CMITMANAGE,CUSTOMER_RELATIONS,11997
CMTPNET,CUSTOMER_RELATIONS,3705
CNAS_ARONSON,CUSTOMER_RELATIONS,11590
COBHAMANTENNASYSTEMS,CUSTOMER_RELATIONS,2387
CODASOLUTIONS,CUSTOMER_RELATIONS,4060
CODEBEX,CUSTOMER_RELATIONS,4228
CODETORRENTGROUP,CUSTOMER_RELATIONS,13944
COGNITIVEMEDICINE,CUSTOMER_RELATIONS,7988
COGNITIVESYSTEMS,CUSTOMER_RELATIONS,11624
COHNREZNICK,CUSTOMER_RELATIONS,6539
COHNREZNICK_TDEM,CUSTOMER_RELATIONS,11644
COLLABORATIVECOMM,CUSTOMER_RELATIONS,2371
COMMONWEALTHTRADING,CUSTOMER_RELATIONS,6134
COMMUNITYSCIENCE,CUSTOMER_RELATIONS,7939
COMPASSITC,CUSTOMER_RELATIONS,8825
COMPETITIVEINNOVATIONS,CUSTOMER_RELATIONS,1686
COMTECHMOBILEDATACOM,CUSTOMER_RELATIONS,2967
CONCEPT-ANLYTCS_ARONSON,CUSTOMER_RELATIONS,10381
CONNECTICUTCENTERADVANCED,CUSTOMER_RELATIONS,3192
CONSTELLATIONWEST,CUSTOMER_RELATIONS,4031
COPPERRIVERENTERPRISE,CUSTOMER_RELATIONS,4944
COPPERRIVERIT,CUSTOMER_RELATIONS,2750
COPPERRIVERSS,CUSTOMER_RELATIONS,7521
COPPERRIVERTECH,CUSTOMER_RELATIONS,9599
CORDIAPARTNERS,CUSTOMER_RELATIONS,3615
CORE4CE,CUSTOMER_RELATIONS,14416
CORNELL,CUSTOMER_RELATIONS,2640
CORNERALLIANCE,CUSTOMER_RELATIONS,3002
CORONAENV,CUSTOMER_RELATIONS,4386
CORTLANDVALUATION,CUSTOMER_RELATIONS,4185
COVERENT,CUSTOMER_RELATIONS,4149
CPI,CUSTOMER_RELATIONS,9894
CRADDOCKGROUP,CUSTOMER_RELATIONS,14183
CRCTODAY,CUSTOMER_RELATIONS,8428
CREATIVEASSOCIATESINTL,CUSTOMER_RELATIONS,8849
CRIMSONGOVERNMENT,CUSTOMER_RELATIONS,13572
CROWNCI,CUSTOMER_RELATIONS,2643
CROWNEDGRACE,CUSTOMER_RELATIONS,6429
CS2CONSULTING,CUSTOMER_RELATIONS,9994
CSG-ISR,CUSTOMER_RELATIONS,10563
CSS-INC,CUSTOMER_RELATIONS,8478
CSSFEDERAL,CUSTOMER_RELATIONS,9865
CTAM,CUSTOMER_RELATIONS,1713
CTGNOW,CUSTOMER_RELATIONS,8699
CTRMG,CUSTOMER_RELATIONS,13752
CULMEN,CUSTOMER_RELATIONS,13798
CULMEN-ARCHIVE,CUSTOMER_RELATIONS,2585
CUMMINGSAEROSPACE,CUSTOMER_RELATIONS,6555
CUTLASS-SE,CUSTOMER_RELATIONS,11867
CVPCORP,CUSTOMER_RELATIONS,7532
CYBERCASHINTERNATIONAL,CUSTOMER_RELATIONS,1913
CYBERRELIANT,CUSTOMER_RELATIONS,4516
CYBERTECHNOLOGYSERVICES,CUSTOMER_RELATIONS,2096
CYBERVANCE_ARONSON,CUSTOMER_RELATIONS,12206
CYCLA,CUSTOMER_RELATIONS,10087
CYDAPTIV,CUSTOMER_RELATIONS,11898
CYGNUSWORLD,CUSTOMER_RELATIONS,6543
DARKWOLFSOLUTIONS_ARONSON,CUSTOMER_RELATIONS,14293
DATAFEDERAL,CUSTOMER_RELATIONS,1891
DATAINTERFUSE,CUSTOMER_RELATIONS,6054
DATAMACHINES,CUSTOMER_RELATIONS,12379
DATARECOGNITION,CUSTOMER_RELATIONS,4259
DATARECOGNITION_2,CUSTOMER_RELATIONS,8575
DAUGHERTY,CUSTOMER_RELATIONS,3043
DAVIDTSCOTT_ARONSON,CUSTOMER_RELATIONS,11646
DAVIZTA,CUSTOMER_RELATIONS,10359
DCCA,CUSTOMER_RELATIONS,7997
DCI-SOLUTIONS,CUSTOMER_RELATIONS,9530
DCS-ENGINEERING,CUSTOMER_RELATIONS,11428
DCSSP,CUSTOMER_RELATIONS,14313
DECIBELRESEARCH,CUSTOMER_RELATIONS,2226
DECISIONQ,CUSTOMER_RELATIONS,4207
DECISIONTECHNOLOGIES,CUSTOMER_RELATIONS,2661
DEEPWATERPOINT,CUSTOMER_RELATIONS,1977
DEFENSEPOINT,CUSTOMER_RELATIONS,4472
DEFENSERESEARCHASSOC,CUSTOMER_RELATIONS,3568
DEFINITIVELOGIC,CUSTOMER_RELATIONS,14340
DEFINITIVELOGIC-HIST,CUSTOMER_RELATIONS,1634
DELPHINUSENGINEERING,CUSTOMER_RELATIONS,1523
DENOVOVENTURES,CUSTOMER_RELATIONS,3220
DESIGNINTERACTIVE,CUSTOMER_RELATIONS,9560
DESIGNTODELIVER,CUSTOMER_RELATIONS,4252
DEVELOPMENTMGMTASSOC,CUSTOMER_RELATIONS,3249
DEVIL-TECH,CUSTOMER_RELATIONS,7022
DEVIS,CUSTOMER_RELATIONS,3344
DEVISHIST,CUSTOMER_RELATIONS,13635
DEVTECHNOLOGY,CUSTOMER_RELATIONS,8134
DHPCTECH,CUSTOMER_RELATIONS,8601
DICERNA,CUSTOMER_RELATIONS,10280
DIGICON,CUSTOMER_RELATIONS,1460
DIGITALINFUZION,CUSTOMER_RELATIONS,2203
DIGITALSANDBOX,CUSTOMER_RELATIONS,2072
DIGITALTECH,CUSTOMER_RELATIONS,7955
DMRCINC,CUSTOMER_RELATIONS,7337
DONDOCPA,CUSTOMER_RELATIONS,10716
DOOLITTLEINSTITUTE,CUSTOMER_RELATIONS,6300
DORSEYPLUS,CUSTOMER_RELATIONS,7826
DRAGONEYE,CUSTOMER_RELATIONS,4731
DRTSTRATEGIES,CUSTOMER_RELATIONS,6593
DS2,CUSTOMER_RELATIONS,7218
DSDLABS,CUSTOMER_RELATIONS,10495
DSGONLINE,CUSTOMER_RELATIONS,12311
DTCGLOBAL,CUSTOMER_RELATIONS,4679
DTEXSYSTEMS,CUSTOMER_RELATIONS,9961
DURECTCORPORATION,CUSTOMER_RELATIONS,1443
DYNAMIC-CONCEPTS,CUSTOMER_RELATIONS,7692
DYNAMICSYSTEMS,CUSTOMER_RELATIONS,3797
DYNAMIS,CUSTOMER_RELATIONS,4249
DYNAMIXGROUP,CUSTOMER_RELATIONS,2663
DYNOLOGY,CUSTOMER_RELATIONS,7044
DYONYX_SSICONSULTING,CUSTOMER_RELATIONS,12279
ECG-NET,CUSTOMER_RELATIONS,7510
ECLIPSEGROUP,CUSTOMER_RELATIONS,6406
EDAPTIVESYS,CUSTOMER_RELATIONS,7231
EDGEWATERIT,CUSTOMER_RELATIONS,11434
EEBS-LLC,CUSTOMER_RELATIONS,10775
EFS,CUSTOMER_RELATIONS,11318
EIT2,CUSTOMER_RELATIONS,14224
ELECTROSOFT-INC,CUSTOMER_RELATIONS,3375
ELEVATEENERGY,CUSTOMER_RELATIONS,4117
ELEVATION-US,CUSTOMER_RELATIONS,10427
ELLUMEN,CUSTOMER_RELATIONS,7138
EM4INC,CUSTOMER_RELATIONS,2361
EMCUBEINC,CUSTOMER_RELATIONS,8781
EMENDATALLC,CUSTOMER_RELATIONS,14380
EMERGE-SG,CUSTOMER_RELATIONS,14458
EMKEYSOLUTIONS,CUSTOMER_RELATIONS,12329
ENCOMPASSWORLD,CUSTOMER_RELATIONS,13605
ENERCON,CUSTOMER_RELATIONS,7386
ENERGYANDENVIRONMENT,CUSTOMER_RELATIONS,4463
ENERGYSOLUTIONS,CUSTOMER_RELATIONS,3282
ENGENIUSINC,CUSTOMER_RELATIONS,10331
ENGENIUSMICRO,CUSTOMER_RELATIONS,12388
ENHANCEDVETS,CUSTOMER_RELATIONS,7420
ENTERPRISESOLUTIONS,CUSTOMER_RELATIONS,3073
ENTRPRS-MGMT-SYS_ARONSON,CUSTOMER_RELATIONS,10384
ENVIROINTEL,CUSTOMER_RELATIONS,4861
EPM-INC,CUSTOMER_RELATIONS,14230
EPSILON-INC,CUSTOMER_RELATIONS,8011
EPSILONSYSTEMSSOLUTIONS,CUSTOMER_RELATIONS,1683
ERPINTERNATIONAL,CUSTOMER_RELATIONS,13782
ERTCORP,CUSTOMER_RELATIONS,11844
ERTHEENERGYSOLUTIONS,CUSTOMER_RELATIONS,12205
ESACINC,CUSTOMER_RELATIONS,3507
ESCOGROUP,CUSTOMER_RELATIONS,2543
ESMCORPORATION,CUSTOMER_RELATIONS,11784
ESOLUTIONARCHITECTS,CUSTOMER_RELATIONS,4112
ETEGRA,CUSTOMER_RELATIONS,6352
ETHIC-TECH,CUSTOMER_RELATIONS,12137
ETHOSHC,CUSTOMER_RELATIONS,7122
EUREKASTRATEGIC,CUSTOMER_RELATIONS,7813
EVANS,CUSTOMER_RELATIONS,1591
EVOLVETECHNOLOGYSYSTEMS,CUSTOMER_RELATIONS,2124
EXCEL-TECHNOLOGIES,CUSTOMER_RELATIONS,13687
EXCELLA,CUSTOMER_RELATIONS,3593
EXCENTIUM,CUSTOMER_RELATIONS,2564
EXCIVITY,CUSTOMER_RELATIONS,3748
EXPEDITIONTECH,CUSTOMER_RELATIONS,4614
EZRATINC_ARONSON,CUSTOMER_RELATIONS,12091
FAITHGROUPLLC,CUSTOMER_RELATIONS,11679
FALCONWOOD,CUSTOMER_RELATIONS,10422
FAMILYSERVICES,CUSTOMER_RELATIONS,3158
FARRIDGELINEENGAGEMENTS,CUSTOMER_RELATIONS,1600
FEDDATA,CUSTOMER_RELATIONS,7077
FEDERALADVISORY_ARONSON,CUSTOMER_RELATIONS,8543
FEDERALCONFERENCE,CUSTOMER_RELATIONS,10494
FEDERALMANAGEMENTPARTNER,CUSTOMER_RELATIONS,1857
FICONSULTING,CUSTOMER_RELATIONS,3272
FIGUREENGINEERING,CUSTOMER_RELATIONS,8105
FIORE-IND,CUSTOMER_RELATIONS,10353
FIRSTPIC,CUSTOMER_RELATIONS,7053
FIRSTPRINCIPLES,CUSTOMER_RELATIONS,3888
FLEETFARM,CUSTOMER_RELATIONS,6322
FMSAEROSPACE,CUSTOMER_RELATIONS,4062
FOCUSMANAGEMENTGROUPUSA,CUSTOMER_RELATIONS,2411
FORESEE,CUSTOMER_RELATIONS,4395
FORESIGHTWEST,CUSTOMER_RELATIONS,9875
FORGEGROUPLLC,CUSTOMER_RELATIONS,9957
FORTSILLAPACHE,CUSTOMER_RELATIONS,3956
FOURINC,CUSTOMER_RELATIONS,3307
FRANCONNECT,CUSTOMER_RELATIONS,10411
FREDDIEMAC,CUSTOMER_RELATIONS,1498
FREEDOMCONSULTINGGROUP,CUSTOMER_RELATIONS,3317
FREEDOMINFORMATIONSYSTEMS,CUSTOMER_RELATIONS,2514
FSRPEOPLE,CUSTOMER_RELATIONS,10728
FTI-NET,CUSTOMER_RELATIONS,7553
FTIDC,CUSTOMER_RELATIONS,8556
FULCRUM_BIO,CUSTOMER_RELATIONS,3817
FWDTHINK,CUSTOMER_RELATIONS,11578
G&NCORPORATION,CUSTOMER_RELATIONS,2667
G2-OPS,CUSTOMER_RELATIONS,3211
G2GS,CUSTOMER_RELATIONS,11396
G2INC,CUSTOMER_RELATIONS,2609
GAGENMAC,CUSTOMER_RELATIONS,4338
GALOIS,CUSTOMER_RELATIONS,2608
GALORATH,CUSTOMER_RELATIONS,8084
GALT,CUSTOMER_RELATIONS,6336
GANTECH,CUSTOMER_RELATIONS,2141
GD-MS,CUSTOMER_RELATIONS,1556
GD-OTS,CUSTOMER_RELATIONS,2668
GD-OTS_HEALDSBURG,CUSTOMER_RELATIONS,7958
GD-OTS_MARION,CUSTOMER_RELATIONS,10450
GDIT,CUSTOMER_RELATIONS,14137
GENESISCONSULTING,CUSTOMER_RELATIONS,11487
GENTHERM,CUSTOMER_RELATIONS,3030
GEOGRAPHICINFORMSERVICES,CUSTOMER_RELATIONS,1602
GEONTECH,CUSTOMER_RELATIONS,7273
GHINTERNATIONAL,CUSTOMER_RELATIONS,3708
GLOBAL-ISI,CUSTOMER_RELATIONS,7248
GLOBALDEFENSEINC,CUSTOMER_RELATIONS,8056
GLOBALINFRASTRUCTURE,CUSTOMER_RELATIONS,4018
GLOBALMARITEK,CUSTOMER_RELATIONS,10035
GLOBALSKILLS,CUSTOMER_RELATIONS,4767
GMV_ARONSON,CUSTOMER_RELATIONS,11901
GNOSTECH_GOVIRG,CUSTOMER_RELATIONS,8712
GOLDENWOLFCO,CUSTOMER_RELATIONS,10882
GOLDSENTINEL,CUSTOMER_RELATIONS,13658
GOODWILL,CUSTOMER_RELATIONS,3275
GORMANHEALTHGROUP,CUSTOMER_RELATIONS,7392
GOVIRG-2,CUSTOMER_RELATIONS,7919
GOVIRG-INT,CUSTOMER_RELATIONS,8608
GOVSTRIVE,CUSTOMER_RELATIONS,10473
GREATCIRCLETECHNOLOGIES,CUSTOMER_RELATIONS,2078
GREENVETSLLC_GOVIRG,CUSTOMER_RELATIONS,11819
GREENZONEINC,CUSTOMER_RELATIONS,7524
GREYAVIATION,CUSTOMER_RELATIONS,12144
GREYSTONESGROUP,CUSTOMER_RELATIONS,6606
GRIFFISS,CUSTOMER_RELATIONS,4869
GRITTERFRANCONA,CUSTOMER_RELATIONS,4748
GRYPHONSCIENTIFIC,CUSTOMER_RELATIONS,11739
GTP-ENG,CUSTOMER_RELATIONS,10459
GUARDTIME,CUSTOMER_RELATIONS,11335
GUTTMACHER,CUSTOMER_RELATIONS,7393
HARRISGEOSPATIAL,CUSTOMER_RELATIONS,3199
HATALOM,CUSTOMER_RELATIONS,14078
HDFGROUP,CUSTOMER_RELATIONS,10545
HDTGLOBAL,CUSTOMER_RELATIONS,3368
HEALTHESTATEHOLDINGS,CUSTOMER_RELATIONS,1471
HEALTHYHOUSINGSOLUTIONS,CUSTOMER_RELATIONS,6493
HEARTLANDCONSULTING,CUSTOMER_RELATIONS,6192
HEBCO,CUSTOMER_RELATIONS,2886
HELIOSHR,CUSTOMER_RELATIONS,2429
HELMPOINT,CUSTOMER_RELATIONS,13706
HICKORYGROUND,CUSTOMER_RELATIONS,4788
HIGHLIGHTTECH,CUSTOMER_RELATIONS,6510
HIGHSTREETCONSULTING,CUSTOMER_RELATIONS,11555
HIMFORMATICS,CUSTOMER_RELATIONS,8746
HISTORYASSOCIATES,CUSTOMER_RELATIONS,8730
HIVE-GRP,CUSTOMER_RELATIONS,14081
HORIZON-RESEARCH,CUSTOMER_RELATIONS,7731
HRLLABORATORIES,CUSTOMER_RELATIONS,2462
HRV,CUSTOMER_RELATIONS,4364
HTSI-AL,CUSTOMER_RELATIONS,11701
HUGE,CUSTOMER_RELATIONS,1910
HYDROID,CUSTOMER_RELATIONS,3057
HYPERIONINC,CUSTOMER_RELATIONS,2605
HYPERIONTG,CUSTOMER_RELATIONS,6088
HYPRES,CUSTOMER_RELATIONS,4552
I-SECURE,CUSTOMER_RELATIONS,2996
I360TECHNOLOGIES,CUSTOMER_RELATIONS,8064
I3TLLC,CUSTOMER_RELATIONS,7485
I4DM,CUSTOMER_RELATIONS,4044
IAI,CUSTOMER_RELATIONS,10909
IAMUSCONSULTING,CUSTOMER_RELATIONS,10599
ICEINC-PS,CUSTOMER_RELATIONS,8469
ICES-INC,CUSTOMER_RELATIONS,10016
ICONGPHS,CUSTOMER_RELATIONS,3711
ICR-TEAM,CUSTOMER_RELATIONS,8621
ICRW,CUSTOMER_RELATIONS,2162
ICSFEDERAL,CUSTOMER_RELATIONS,10090
ICSINC,CUSTOMER_RELATIONS,7757
IDATECHNOLOGY,CUSTOMER_RELATIONS,11452
IDEACREW,CUSTOMER_RELATIONS,12197
IDEALSSI,CUSTOMER_RELATIONS,8503
IDIBILLING,CUSTOMER_RELATIONS,3481
IIAWEB,CUSTOMER_RELATIONS,7252
ILLINOISDEPTOFTRANSPORT,CUSTOMER_RELATIONS,2615
IMMAP,CUSTOMER_RELATIONS,4809
IMMERSIONCORPORATION,CUSTOMER_RELATIONS,1434
IMMERSIONINC,CUSTOMER_RELATIONS,7226
IMMERSIVECONCEPTS,CUSTOMER_RELATIONS,3764
IMPECGROUP,CUSTOMER_RELATIONS,1444
INCADENCE,CUSTOMER_RELATIONS,3208
INDESIGN,CUSTOMER_RELATIONS,4564
INDIANHEALTHSERVICE,CUSTOMER_RELATIONS,2616
INDIGOIT,CUSTOMER_RELATIONS,2689
INDUSTECHNOLOGY,CUSTOMER_RELATIONS,7864
INFINA,CUSTOMER_RELATIONS,4873
INFOCAPNETWORKS,CUSTOMER_RELATIONS,3489
INFOINNOVATOR,CUSTOMER_RELATIONS,2507
INFORMATIX,CUSTOMER_RELATIONS,6295
INFOTEKCORPORATION,CUSTOMER_RELATIONS,2084
INITIATESOLUTIONS,CUSTOMER_RELATIONS,11817
INNO-PLEX,CUSTOMER_RELATIONS,8758
INNOFLIGHT,CUSTOMER_RELATIONS,11699
INNOVATE-TTI,CUSTOMER_RELATIONS,10060
INNOVATEINC,CUSTOMER_RELATIONS,2418
INNOVITAL,CUSTOMER_RELATIONS,4505
INOV8AS,CUSTOMER_RELATIONS,9818
INOVEXCORP,CUSTOMER_RELATIONS,3405
INSEQUENCE,CUSTOMER_RELATIONS,1783
INSERSOCORPORATION,CUSTOMER_RELATIONS,1484
INSIGNIAFEDERAL,CUSTOMER_RELATIONS,12042
INTECLLC,CUSTOMER_RELATIONS,11571
INTEGRATEDRESOURCETECH,CUSTOMER_RELATIONS,1933
INTEGRATEDSUPPORTSYSTEMS,CUSTOMER_RELATIONS,2498
INTEGRITYSOLUTIONSLTD,CUSTOMER_RELATIONS,7176
INTELLIFORCE_ITSG,CUSTOMER_RELATIONS,4815
INTELLIGENESISLLC,CUSTOMER_RELATIONS,7131
INTELLIGENT_OH,CUSTOMER_RELATIONS,9799
INTELLIGENT_PRODUCT,CUSTOMER_RELATIONS,9803
INTELLIGENTWAVES,CUSTOMER_RELATIONS,7754
INTELLIWARE,CUSTOMER_RELATIONS,1847
INTELLIWARESYSTEMS,CUSTOMER_RELATIONS,6076
INTELLIZANT,CUSTOMER_RELATIONS,2748
INTELSATGENERAL,CUSTOMER_RELATIONS,3109
INTERACTIVEADVANTAGE,CUSTOMER_RELATIONS,6589
INTERCLYPSE_ARONSON,CUSTOMER_RELATIONS,12200
INTERNETWORKENGINEERING,CUSTOMER_RELATIONS,1745
INTSOLUTIONS,CUSTOMER_RELATIONS,10445
INVICTUSINTERNATIONAL,CUSTOMER_RELATIONS,4857
IRISHEALTHSOLUTIONS,CUSTOMER_RELATIONS,10539
IRONARCHTECH,CUSTOMER_RELATIONS,4176
ISCINC,CUSTOMER_RELATIONS,7303
ISM-HQ,CUSTOMER_RELATIONS,10373
ISOBAR,CUSTOMER_RELATIONS,2094
ISTRESEARCH,CUSTOMER_RELATIONS,7913
ITCON-INC,CUSTOMER_RELATIONS,6601
ITECHAG,CUSTOMER_RELATIONS,8693
ITEGRITYINC,CUSTOMER_RELATIONS,14477
ITELLECTCONSULTING,CUSTOMER_RELATIONS,13731
ITSGROUP,CUSTOMER_RELATIONS,6024
ITTSUPPORT,CUSTOMER_RELATIONS,7172
IUBIOWA,CUSTOMER_RELATIONS,7091
JACOBSEYE,CUSTOMER_RELATIONS,14214
JAMESONCOLECONSULTING,CUSTOMER_RELATIONS,14093
JASINT,CUSTOMER_RELATIONS,4381
JBSINTERNATIONAL,CUSTOMER_RELATIONS,2690
JCRAIGVENTER,CUSTOMER_RELATIONS,6130
JENSENMARITIME,CUSTOMER_RELATIONS,2046
JFLCINC,CUSTOMER_RELATIONS,12212
JGACOUNSEL,CUSTOMER_RELATIONS,7061
JHNA,CUSTOMER_RELATIONS,10232
JJRSOLUTIONS,CUSTOMER_RELATIONS,7348
JMACIVIL,CUSTOMER_RELATIONS,12035
JMICHAEL-CONSULTING_NCA,CUSTOMER_RELATIONS,11990
JOHNSHOPKINS,CUSTOMER_RELATIONS,1563
JONYSOLUTIONS,CUSTOMER_RELATIONS,3402
JPASSOCIATES,CUSTOMER_RELATIONS,2025
JRCINTEGRATEDSYSTEMS,CUSTOMER_RELATIONS,2197
JRHCONSULT,CUSTOMER_RELATIONS,4772
JUDGE,CUSTOMER_RELATIONS,1579
K12,CUSTOMER_RELATIONS,1450
K2SI,CUSTOMER_RELATIONS,12398
K3ENTERPRISES,CUSTOMER_RELATIONS,1993
KAAFEDERAL,CUSTOMER_RELATIONS,7021
KAISERASSOCIATES,CUSTOMER_RELATIONS,6260
KAIZENAPPROACH,CUSTOMER_RELATIONS,13610
KAMTEKINC,CUSTOMER_RELATIONS,9869
KANEFEDERALSERVICESINC.,CUSTOMER_RELATIONS,2738
KARSUNSOLUTIONS,CUSTOMER_RELATIONS,6185
KAYLATEK,CUSTOMER_RELATIONS,8567
KDMSYSTEMS,CUSTOMER_RELATIONS,7715
KEEPITSTS,CUSTOMER_RELATIONS,13631
KENIFICGROUP,CUSTOMER_RELATIONS,12222
KENJYA,CUSTOMER_RELATIONS,8060
KENTUCKYBIOPROCESSING,CUSTOMER_RELATIONS,4101
KEPLERRESEARCH,CUSTOMER_RELATIONS,2008
KGRFGROUP,CUSTOMER_RELATIONS,13669
KIHOMAC,CUSTOMER_RELATIONS,4541
KINA'OLEFOUNDATION,CUSTOMER_RELATIONS,13647
KINETEK,CUSTOMER_RELATIONS,1518
KINGTECH,CUSTOMER_RELATIONS,10289
KNOWESISINC,CUSTOMER_RELATIONS,7820
KNOWLEDGENTGROUP,CUSTOMER_RELATIONS,3032
KODATECH,CUSTOMER_RELATIONS,11072
KONIAGGSS,CUSTOMER_RELATIONS,8449
KORDTECHNOLOGIES,CUSTOMER_RELATIONS,9677
KRAMERDC,CUSTOMER_RELATIONS,14211
KRANZETECHNOLOGYSOLUTIONS,CUSTOMER_RELATIONS,2280
KRATOSPUBLICSAFETY,CUSTOMER_RELATIONS,3504
KSAINTEGRATION,CUSTOMER_RELATIONS,9736
KUDUDYN,CUSTOMER_RELATIONS,14430
KYRUS-TECH,CUSTOMER_RELATIONS,13643
L3CORPORATE,CUSTOMER_RELATIONS,2272
LAKOTATECHNICALSOLUTIONS,CUSTOMER_RELATIONS,1959
LATHAMBIOPHARM,CUSTOMER_RELATIONS,7736
LATTICETECH,CUSTOMER_RELATIONS,3421
LEAGUECONSERVATIONVOTERS,CUSTOMER_RELATIONS,1622
LEARNINGOBJECTS,CUSTOMER_RELATIONS,3836
LEFANT,CUSTOMER_RELATIONS,12216
LEIDOSBIO,CUSTOMER_RELATIONS,2561
LEIDOSNSS,CUSTOMER_RELATIONS,3718
LEONARDOTECHNOLOGIES,CUSTOMER_RELATIONS,3019
LEWISPRICE,CUSTOMER_RELATIONS,4605
LGSINNOVATIONS,CUSTOMER_RELATIONS,11533
LIBRATIONSYSTEMSMANAGEMEN,CUSTOMER_RELATIONS,2279
LIGHTHOUSETECHNOLOGIES,CUSTOMER_RELATIONS,1482
LIN&ASSOCIATES,CUSTOMER_RELATIONS,4866
LINQUEST,CUSTOMER_RELATIONS,1671
LOGISTICALSOLUTIONS,CUSTOMER_RELATIONS,3858
LOKAHI,CUSTOMER_RELATIONS,2390
LTBRIDGE,CUSTOMER_RELATIONS,11661
LUKOS,CUSTOMER_RELATIONS,6268
LUNARLINE-HIST,CUSTOMER_RELATIONS,1870
LUNARLINEINC,CUSTOMER_RELATIONS,14396
LYTEWORX,CUSTOMER_RELATIONS,11519
LYWSUSA,CUSTOMER_RELATIONS,12103
M2CAEROSPACE,CUSTOMER_RELATIONS,8638
M2SERVICES,CUSTOMER_RELATIONS,3910
MACKGLOBAL,CUSTOMER_RELATIONS,6397
MACROSOLUTIONS,CUSTOMER_RELATIONS,2631
MACURN,CUSTOMER_RELATIONS,2370
MADEINSPACE,CUSTOMER_RELATIONS,14066
MADIBA,CUSTOMER_RELATIONS,6157
MAETRICS,CUSTOMER_RELATIONS,4544
MAGNOLIA-RIVER,CUSTOMER_RELATIONS,7540
MANAGEDCAREADVISORS,CUSTOMER_RELATIONS,2481
MANAGEMENTSOLUTIONS,CUSTOMER_RELATIONS,3916
MANEX,CUSTOMER_RELATIONS,2704
MANHATTANSTRATEGY,CUSTOMER_RELATIONS,4431
MANTELTECHNOLOGIES,CUSTOMER_RELATIONS,10897
MANTIS-SECURITY,CUSTOMER_RELATIONS,14108
MARICKGROUP,CUSTOMER_RELATIONS,3112
MARKPOINTTECH,CUSTOMER_RELATIONS,10813
MARSTELDAY,CUSTOMER_RELATIONS,1927
MASSGENICS,CUSTOMER_RELATIONS,10550
MASYGROUP,CUSTOMER_RELATIONS,12012
MATRIXRESEARCH,CUSTOMER_RELATIONS,6463
MAYVIN,CUSTOMER_RELATIONS,14475
MAZARSUSA,CUSTOMER_RELATIONS,4083
MBC360,CUSTOMER_RELATIONS,2391
MCLEANENGINEERING,CUSTOMER_RELATIONS,6101
MDB,CUSTOMER_RELATIONS,4046
MDWASSOCIATES,CUSTOMER_RELATIONS,3783
MEDIAFORCE,CUSTOMER_RELATIONS,2497
MEGGITT,CUSTOMER_RELATIONS,9719
MEGGITTBALTIMORE,CUSTOMER_RELATIONS,7002
MEGGITTSAFETYSYSTEMS,CUSTOMER_RELATIONS,2011
MENLO-TECHNOLOGIES,CUSTOMER_RELATIONS,11262
MENTISSCIENCES,CUSTOMER_RELATIONS,8310
MERCURYSOLUTIONS,CUSTOMER_RELATIONS,1763
MERLINGLOBAL,CUSTOMER_RELATIONS,8382
METECS,CUSTOMER_RELATIONS,3646
METISSOLUTIONS,CUSTOMER_RELATIONS,4122
METRIC5,CUSTOMER_RELATIONS,7375
METRO-ACCTPROS,CUSTOMER_RELATIONS,9711
MICROSEMI,CUSTOMER_RELATIONS,8332
MICROSYSTEMSAUTOMATION,CUSTOMER_RELATIONS,2163
MIDATLANTICHR,CUSTOMER_RELATIONS,4798
MIDE,CUSTOMER_RELATIONS,8709
MIDWESTASSISTANCEPROGRAM,CUSTOMER_RELATIONS,2397
MINDCOMPUTING,CUSTOMER_RELATIONS,12159
MINDCUBED,CUSTOMER_RELATIONS,3972
MINDLEAF,CUSTOMER_RELATIONS,13715
MINDOVERMACHINES,CUSTOMER_RELATIONS,2114
MINERVAENGR,CUSTOMER_RELATIONS,4215
MIQLOGISTICS,CUSTOMER_RELATIONS,1697
MISSION1ST,CUSTOMER_RELATIONS,11777
MISSIONANALYTICSGROUP,CUSTOMER_RELATIONS,2525
MISSIONSIDE,CUSTOMER_RELATIONS,8358
MJWCORP,CUSTOMER_RELATIONS,8006
MLSOLUTIONS,CUSTOMER_RELATIONS,7329
MNCSOFTWARE,CUSTOMER_RELATIONS,2708
MOBIUS-LLC,CUSTOMER_RELATIONS,7069
MONSTER,CUSTOMER_RELATIONS,3478
MORPHWORKS,CUSTOMER_RELATIONS,14366
MOSAICATM,CUSTOMER_RELATIONS,2709
MOSSCAPE,CUSTOMER_RELATIONS,7969
MOUNTAIREYGROUP,CUSTOMER_RELATIONS,2155
MPOWEREDSTRATEGIES_CORDIA,CUSTOMER_RELATIONS,8452
MRSS,CUSTOMER_RELATIONS,8112
MSCGINC,CUSTOMER_RELATIONS,14228
MSDISTRIBUTORS,CUSTOMER_RELATIONS,10502
MSRC,CUSTOMER_RELATIONS,8435
MTA-INC,CUSTOMER_RELATIONS,11393
MULTISTATE,CUSTOMER_RELATIONS,7766
MYTHSOFTWARE,CUSTOMER_RELATIONS,7371
MZA,CUSTOMER_RELATIONS,8721
NALASENGINEERING,CUSTOMER_RELATIONS,8572
NATECHCORP,CUSTOMER_RELATIONS,10511
NATHAN-UK,CUSTOMER_RELATIONS,14299
NATHANASSOC,CUSTOMER_RELATIONS,4086
NATIONALCENTERHEALTHYHOUS,CUSTOMER_RELATIONS,2240
NATIONALCOUNCILBEHAVIORIA,CUSTOMER_RELATIONS,2552
NATIONALTECHASSOC,CUSTOMER_RELATIONS,4725
NATIVEHAWAIIANVETS,CUSTOMER_RELATIONS,9704
NATURESERVE,CUSTOMER_RELATIONS,2325
NAVVISCONSULTING,CUSTOMER_RELATIONS,2451
NAVXCONSULTING,CUSTOMER_RELATIONS,9915
NCGREENPOWER,CUSTOMER_RELATIONS,10433
NCODEFEDERAL,CUSTOMER_RELATIONS,13873
NCQA,CUSTOMER_RELATIONS,6029
NCTM_TEACHERSOFMATH,CUSTOMER_RELATIONS,2403
NDGI,CUSTOMER_RELATIONS,7841
NDPGROUP_GOVIRG,CUSTOMER_RELATIONS,8442
NEANY,CUSTOMER_RELATIONS,4308
NEBRASKA,CUSTOMER_RELATIONS,3677
NEOSTEK,CUSTOMER_RELATIONS,3678
NETCRAFTSMEN,CUSTOMER_RELATIONS,8041
NETE,CUSTOMER_RELATIONS,9979
NETWORKDESIGNS,CUSTOMER_RELATIONS,4076
NEW-AGE-INC,CUSTOMER_RELATIONS,12239
NEWBROOK,CUSTOMER_RELATIONS,4756
NEWEAGLE,CUSTOMER_RELATIONS,11482
NEWFLYERINDUSTRIESCANADA,CUSTOMER_RELATIONS,2463
NEXAGEN,CUSTOMER_RELATIONS,3800
NEXGENINC,CUSTOMER_RELATIONS,10255
NEXTCENTURY,CUSTOMER_RELATIONS,7727
NEXTGENFED,CUSTOMER_RELATIONS,10127
NEXTPHASESOLUTIONS,CUSTOMER_RELATIONS,3541
NEXTPOINTGROUP,CUSTOMER_RELATIONS,4145
NIBS,CUSTOMER_RELATIONS,4455
NINENINE,CUSTOMER_RELATIONS,11737
NOISTRATEGIES,CUSTOMER_RELATIONS,1873
NOREASINC,CUSTOMER_RELATIONS,8787
NORTHSTRAT,CUSTOMER_RELATIONS,4410
NOVACES,CUSTOMER_RELATIONS,2745
NOVATEURRESEARCH,CUSTOMER_RELATIONS,14464
NRLZSOLUTIONS,CUSTOMER_RELATIONS,10486
NSUSA,CUSTOMER_RELATIONS,10011
NTCONCEPTS,CUSTOMER_RELATIONS,9810
NTIERACTIVE,CUSTOMER_RELATIONS,1871
NTS-SERVICES,CUSTOMER_RELATIONS,9943
NUMERICA,CUSTOMER_RELATIONS,2219
NVE-INC,CUSTOMER_RELATIONS,4202
NVI,CUSTOMER_RELATIONS,2330
NYSTEC,CUSTOMER_RELATIONS,3285
OBJECTIVEAREA,CUSTOMER_RELATIONS,14038
OBJECTSTREAM,CUSTOMER_RELATIONS,7110
OCEANASSOC,CUSTOMER_RELATIONS,4792
OCTANTASSOCIATES,CUSTOMER_RELATIONS,7185
OCTOCONSULTING,CUSTOMER_RELATIONS,3236
ODYSSEYCONSULTING,CUSTOMER_RELATIONS,11813
OFFSPRING,CUSTOMER_RELATIONS,4594
OI-LLC,CUSTOMER_RELATIONS,7892
OMEGATECHSERV,CUSTOMER_RELATIONS,3839
OMGEO,CUSTOMER_RELATIONS,1503
OMNITECSOLUTIONS,CUSTOMER_RELATIONS,1442
ONPOINTCORP,CUSTOMER_RELATIONS,8587
ONYXPOINT,CUSTOMER_RELATIONS,4067
OPINIONDYNAMICS,CUSTOMER_RELATIONS,8320
OPTENSITY,CUSTOMER_RELATIONS,3861
OPTICS1,CUSTOMER_RELATIONS,4323
ORBISINC,CUSTOMER_RELATIONS,9556
ORGANIZATIONALCOMM,CUSTOMER_RELATIONS,6167
ORORANA,CUSTOMER_RELATIONS,3602
OXFORDGC,CUSTOMER_RELATIONS,3516
OXLEYENTERPRISES,CUSTOMER_RELATIONS,9568
P3I,CUSTOMER_RELATIONS,1660
PACAEROCON,CUSTOMER_RELATIONS,7517
PACIFIC-SCIENCE,CUSTOMER_RELATIONS,7778
PACT,CUSTOMER_RELATIONS,3178
PAE,CUSTOMER_RELATIONS,14249
PANAGORAGROUP,CUSTOMER_RELATIONS,10077
PANAMERICA,CUSTOMER_RELATIONS,4291
PARAGONSPACEDEVELOPMENT,CUSTOMER_RELATIONS,1577
PARRACONSULTING,CUSTOMER_RELATIONS,4682
PARTNER,CUSTOMER_RELATIONS,3454
PATCHPLUSCONSULTING,CUSTOMER_RELATIONS,7064
PATHORAS,CUSTOMER_RELATIONS,8616
PATRIOTDEFENSEGROUP,CUSTOMER_RELATIONS,1741
PCI-SM_ARONSON,CUSTOMER_RELATIONS,2298
PEMDASTECHNOLOGIES,CUSTOMER_RELATIONS,6255
PENBAYMEDIA,CUSTOMER_RELATIONS,12265
PENNGOOD,CUSTOMER_RELATIONS,4036
PERCEPTIONIR,CUSTOMER_RELATIONS,3026
PERFORMANCEEXCELLENCEPTRS,CUSTOMER_RELATIONS,3147
PESOLUTIONS-IT,CUSTOMER_RELATIONS,12367
PFIZER,CUSTOMER_RELATIONS,2369
PFIZERSANFORD,CUSTOMER_RELATIONS,4750
PGHWONG,CUSTOMER_RELATIONS,4847
PHASEDN,CUSTOMER_RELATIONS,12302
PHASEONECONSULTING,CUSTOMER_RELATIONS,6357
PHILLIPTOWNSENDASSOCIATES,CUSTOMER_RELATIONS,1724
PHOENIX-OPSGROUP,CUSTOMER_RELATIONS,10350
PHOENIXSYSTEMSINT,CUSTOMER_RELATIONS,10845
PHXLOGISTICS,CUSTOMER_RELATIONS,9833
PHYSICALOPTICS,CUSTOMER_RELATIONS,4567
PICO-LLC,CUSTOMER_RELATIONS,8778
PILZAUTOMATIONSAFETY,CUSTOMER_RELATIONS,1633
PIONEERINGEVOLUTION_ARONS,CUSTOMER_RELATIONS,11790
PIPELINERESEARCHCOUNCIL,CUSTOMER_RELATIONS,2970
PKMM,CUSTOMER_RELATIONS,2480
PLEIOTEK,CUSTOMER_RELATIONS,10204
PLEX-LLC,CUSTOMER_RELATIONS,11012
PLOWSHAREGROUP,CUSTOMER_RELATIONS,7025
PLUS3IT,CUSTOMER_RELATIONS,11958
PM-AMERICA,CUSTOMER_RELATIONS,13909
POLARISALPHA,CUSTOMER_RELATIONS,1437
POLESTARTECHNICALSERVICES,CUSTOMER_RELATIONS,9632
POTOMACHEALTHCARE,CUSTOMER_RELATIONS,7194
POWELLSTRAT,CUSTOMER_RELATIONS,8033
POWERANALYTICS,CUSTOMER_RELATIONS,3226
PRACTICALINTEL,CUSTOMER_RELATIONS,4317
PRAGMATYXS,CUSTOMER_RELATIONS,4753
PRATTWHITNEYAUTOMATION,CUSTOMER_RELATIONS,2408
PREMIERMANAGEMENTCORP,CUSTOMER_RELATIONS,2093
PRESAGIS,CUSTOMER_RELATIONS,3873
PRICESYSTEMS,CUSTOMER_RELATIONS,1488
PROCESSENGR,CUSTOMER_RELATIONS,3661
PROJECTXYZ,CUSTOMER_RELATIONS,7794
PROLOGSS_CORDIA,CUSTOMER_RELATIONS,11248
PROSPTECH,CUSTOMER_RELATIONS,1859
PROTEGUS,CUSTOMER_RELATIONS,10237
PROTEQ,CUSTOMER_RELATIONS,12273
PROVATEK,CUSTOMER_RELATIONS,11326
PSG-INC,CUSTOMER_RELATIONS,13615
PSI-IS,CUSTOMER_RELATIONS,10743
PSINC3,CUSTOMER_RELATIONS,10731
PSIPAX,CUSTOMER_RELATIONS,10804
PTCASTLEROCK,CUSTOMER_RELATIONS,3653
PTP-LLC,CUSTOMER_RELATIONS,8088
PTRGROUP,CUSTOMER_RELATIONS,1499
PUEOBUSINESSSOLUTION,CUSTOMER_RELATIONS,11588
PUREINTEGRATION,CUSTOMER_RELATIONS,3944
PYRAMIDSYSTEMS,CUSTOMER_RELATIONS,6311
QCMCONSULTING,CUSTOMER_RELATIONS,6513
QI-SOLUTIONS,CUSTOMER_RELATIONS,11503
QLARANT,CUSTOMER_RELATIONS,10537
QSOURCE,CUSTOMER_RELATIONS,14321
QUADRINT,CUSTOMER_RELATIONS,9575
QUADRUSCORP,CUSTOMER_RELATIONS,3278
QUALITYTRAININGSYSTEMS,CUSTOMER_RELATIONS,13665
QUALLION,CUSTOMER_RELATIONS,3624
QUANTUM-INTL,CUSTOMER_RELATIONS,2736
QUANTUM3D,CUSTOMER_RELATIONS,13939
QUANTUMTECHGRP,CUSTOMER_RELATIONS,6374
QUATERNARYRESOURCEINVEST,CUSTOMER_RELATIONS,3358
QUICKFLEX,CUSTOMER_RELATIONS,7876
QUIDEL,CUSTOMER_RELATIONS,3246
QUIETPRO,CUSTOMER_RELATIONS,3757
QWALTEC,CUSTOMER_RELATIONS,12019
R4-INTEGRATION,CUSTOMER_RELATIONS,8515
RADIXMETA_GOVIRG,CUSTOMER_RELATIONS,6442
RALLYPOINTMANAGEMENT,CUSTOMER_RELATIONS,1892
RAMPANT,CUSTOMER_RELATIONS,8327
RAMPARTTECH,CUSTOMER_RELATIONS,7752
RAPHARMA,CUSTOMER_RELATIONS,11229
RASCOINC,CUSTOMER_RELATIONS,4905
RAVENTEK,CUSTOMER_RELATIONS,10341
RAYTHEON_OTTAWA,CUSTOMER_RELATIONS,4560
RAZORX2,CUSTOMER_RELATIONS,6548
RED-ALPHA_ARONSON,CUSTOMER_RELATIONS,12268
RED5SECURITY,CUSTOMER_RELATIONS,14126
REDCLAY,CUSTOMER_RELATIONS,3901
REDGATEGROUP,CUSTOMER_RELATIONS,2602
REDKNIGHTLLC,CUSTOMER_RELATIONS,3387
REDRIVER,CUSTOMER_RELATIONS,3964
REDSTONES,CUSTOMER_RELATIONS,3519
REDTEAMCONSULTING,CUSTOMER_RELATIONS,11422
REDTRIDENTINC,CUSTOMER_RELATIONS,11329
REHANCEMENT,CUSTOMER_RELATIONS,9687
REINVENTINGGEOSPATIAL,CUSTOMER_RELATIONS,4936
RELIANT-TECHNOLOGIES,CUSTOMER_RELATIONS,12226
RELYANTGLOBAL,CUSTOMER_RELATIONS,11831
RENEGADETECH,CUSTOMER_RELATIONS,4849
RESERVOIR,CUSTOMER_RELATIONS,14345
RESOLUTE-TECH,CUSTOMER_RELATIONS,7499
RESOURCEDEVELOPMENT,CUSTOMER_RELATIONS,13697
RESULTSFORDEVELOPMENT,CUSTOMER_RELATIONS,3885
RESURGO,CUSTOMER_RELATIONS,7869
RFIDGS,CUSTOMER_RELATIONS,3729
RFLOGISTICS,CUSTOMER_RELATIONS,6306
RHYTHMICTECH,CUSTOMER_RELATIONS,4610
RICARDODEFENSE,CUSTOMER_RELATIONS,4633
RICESTERLING,CUSTOMER_RELATIONS,4686
RIGIDTACTICAL,CUSTOMER_RELATIONS,4105
RIVERSIDERESEARCHINSTITUT,CUSTOMER_RELATIONS,2718
RJC,CUSTOMER_RELATIONS,8613
RMCINC,CUSTOMER_RELATIONS,6487
ROGUETHINK,CUSTOMER_RELATIONS,7649
ROYCEGEO,CUSTOMER_RELATIONS,8408
RSC2,CUSTOMER_RELATIONS,12155
RUOTA.CONSULTING,CUSTOMER_RELATIONS,7834
RURALCOMMASSIST,CUSTOMER_RELATIONS,6361
S2CORP,CUSTOMER_RELATIONS,1592
S4ANALYTICS,CUSTOMER_RELATIONS,7190
SA-GROUP,CUSTOMER_RELATIONS,7947
SA-TECHINC,CUSTOMER_RELATIONS,7243
SAALEXSOLUTIONS,CUSTOMER_RELATIONS,1455
SAFALPARTNERS_STRATEGICCO,CUSTOMER_RELATIONS,7844
SAGEBLACK,CUSTOMER_RELATIONS,7854
SAGECOR,CUSTOMER_RELATIONS,10144
SAGGAR&ROSE,CUSTOMER_RELATIONS,4832
SALLYPORTGLOBAL,CUSTOMER_RELATIONS,8073
SANDIEGOPCB,CUSTOMER_RELATIONS,1491
SAPERECONSULTING,CUSTOMER_RELATIONS,7774
SAPHOTONICS,CUSTOMER_RELATIONS,4080
SARATOGAMED,CUSTOMER_RELATIONS,10528
SAREPTATHERAPEUTICS,CUSTOMER_RELATIONS,2614
SATELLESINC_CORDIA,CUSTOMER_RELATIONS,13680
SAVALANLLC,CUSTOMER_RELATIONS,3311
SAVANGROUP,CUSTOMER_RELATIONS,7204
SAWTST,CUSTOMER_RELATIONS,12179
SBCHRISTCONSULTING,CUSTOMER_RELATIONS,3183
SCIOMETRICS,CUSTOMER_RELATIONS,10746
SDLCPARTNERS,CUSTOMER_RELATIONS,3880
SEABROOK-SOLUTIONS,CUSTOMER_RELATIONS,13923
SEALINGTECH,CUSTOMER_RELATIONS,10925
SECONDMUSE-AUS,CUSTOMER_RELATIONS,8512
SECONDMUSE-IND,CUSTOMER_RELATIONS,10779
SECONDMUSE-SINGAPORE,CUSTOMER_RELATIONS,14188
SECONDMUSE-US,CUSTOMER_RELATIONS,8509
SECUNETICS,CUSTOMER_RELATIONS,4713
SECURE-INNOVATIONS,CUSTOMER_RELATIONS,7719
SECURIGENCE,CUSTOMER_RELATIONS,7344
SECURIT,CUSTOMER_RELATIONS,8853
SECURIT-EUROPE,CUSTOMER_RELATIONS,14014
SECURITYHUNTER,CUSTOMER_RELATIONS,4417
SEEQC,CUSTOMER_RELATIONS,13790
SEGUETECHNOLOGIES,CUSTOMER_RELATIONS,2447
SEHLKECONSULTING,CUSTOMER_RELATIONS,10605
SEKON,CUSTOMER_RELATIONS,12119
SEKTORSOLUTIONS,CUSTOMER_RELATIONS,6597
SELLERSDORSEY,CUSTOMER_RELATIONS,1493
SEM-CON,CUSTOMER_RELATIONS,9984
SEMANTICRESEARCH,CUSTOMER_RELATIONS,8524
SEMPER-FORTIS,CUSTOMER_RELATIONS,10755
SEMQUEST_GOVIRG,CUSTOMER_RELATIONS,11986
SENECAGROUP,CUSTOMER_RELATIONS,10601
SENSPEX,CUSTOMER_RELATIONS,3535
SENTEKGLOBAL,CUSTOMER_RELATIONS,11795
SENTIENTGROUP,CUSTOMER_RELATIONS,12244
SEQUOIASTRATEGIES,CUSTOMER_RELATIONS,3304
SEV1TECH,CUSTOMER_RELATIONS,2535
SEVENTHSENSECONSULTING,CUSTOMER_RELATIONS,8045
SFI,CUSTOMER_RELATIONS,4320
SGVCOG,CUSTOMER_RELATIONS,3919
SHADOWOBJECTS,CUSTOMER_RELATIONS,6565
SHATTUCKGROUP,CUSTOMER_RELATIONS,10429
SHI,CUSTOMER_RELATIONS,4033
SHINESYSTEMS,CUSTOMER_RELATIONS,10770
SHOWMEQ,CUSTOMER_RELATIONS,11006
SI2TECHNOLOGIES,CUSTOMER_RELATIONS,8591
SIERRALOBO,CUSTOMER_RELATIONS,6160
SIGATECHNOLOGIES,CUSTOMER_RELATIONS,2405
SIGCONSULT,CUSTOMER_RELATIONS,6498
SIGMA-HC_CORDIA,CUSTOMER_RELATIONS,4166
SIGNATUREPERFORMANCE,CUSTOMER_RELATIONS,13802
SIGNETTECH,CUSTOMER_RELATIONS,4513
SILASOLUTIONS,CUSTOMER_RELATIONS,2904
SILICIS,CUSTOMER_RELATIONS,7432
SILOSMASHERS,CUSTOMER_RELATIONS,7789
SILVERWOOD,CUSTOMER_RELATIONS,4311
SIMBACOM,CUSTOMER_RELATIONS,8875
SIMETRI,CUSTOMER_RELATIONS,14307
SM&A,CUSTOMER_RELATIONS,4776
SMSDATAPRODUCTSGROUP,CUSTOMER_RELATIONS,3844
SNAPINC,CUSTOMER_RELATIONS,7378
SOBRAN,CUSTOMER_RELATIONS,3012
SOCIALIMPACT,CUSTOMER_RELATIONS,6269
SOLIDUS-TS,CUSTOMER_RELATIONS,3428
SONORANTECH,CUSTOMER_RELATIONS,4280
SPARKSOFTCORP,CUSTOMER_RELATIONS,7031
SPEAR-RESEARCH,CUSTOMER_RELATIONS,11855
SPECIALAEROSPACESERVICES,CUSTOMER_RELATIONS,3431
SPECOPSSOLUTIONS,CUSTOMER_RELATIONS,12001
SPECTRAL,CUSTOMER_RELATIONS,11250
SPINSYS,CUSTOMER_RELATIONS,8726
SPINVI,CUSTOMER_RELATIONS,7125
SPITFIRESTRATEGIES,CUSTOMER_RELATIONS,1760
SPNSOLUTIONS,CUSTOMER_RELATIONS,10170
SPRA,CUSTOMER_RELATIONS,9606
SPTRM,CUSTOMER_RELATIONS,11877
SQUAREPEGTECH,CUSTOMER_RELATIONS,13793
SRABANK,CUSTOMER_RELATIONS,9828
SSCI,CUSTOMER_RELATIONS,8354
SSICONSULTING,CUSTOMER_RELATIONS,3301
STACIAGROUP_CORDIA,CUSTOMER_RELATIONS,8093
STANDARDCAL,CUSTOMER_RELATIONS,3438
STANFORD_AS,CUSTOMER_RELATIONS,2055
STANFORD_ITS,CUSTOMER_RELATIONS,1439
STARGATES,CUSTOMER_RELATIONS,9931
STASCHENTERPRISE,CUSTOMER_RELATIONS,4582
STATEANDFEDERALCOMM,CUSTOMER_RELATIONS,1860
STEELPOINT-LLC,CUSTOMER_RELATIONS,10609
STELLAR-INNOVATIONS,CUSTOMER_RELATIONS,8658
STMICHAELS,CUSTOMER_RELATIONS,3847
STRATAG,CUSTOMER_RELATIONS,7785
STRATAGEMGROUP,CUSTOMER_RELATIONS,7902
STRATEGICACI,CUSTOMER_RELATIONS,10048
STRATEGICCONSULTING,CUSTOMER_RELATIONS,3217
STRATEGICSOLUTIONSINT,CUSTOMER_RELATIONS,11954
STRATEGICTECH,CUSTOMER_RELATIONS,4509
STRATUSSOLUTIONS,CUSTOMER_RELATIONS,8077
STRAUGHANENVIRONMENTAL,CUSTOMER_RELATIONS,10038
SUMMITCONSULTING,CUSTOMER_RELATIONS,3492
SUMMITIS,CUSTOMER_RELATIONS,7357
SUMMITTECHLLC,CUSTOMER_RELATIONS,8689
SUMMTECH,CUSTOMER_RELATIONS,12341
SUNSTARSTRATEGIC,CUSTOMER_RELATIONS,3786
SURESCAN,CUSTOMER_RELATIONS,4053
SURFACEOPTICSCORP,CUSTOMER_RELATIONS,1601
SURVTECHSOLUTIONS,CUSTOMER_RELATIONS,11930
SUSTAINABLESOLUTIONSCORP,CUSTOMER_RELATIONS,3558
SYNECTICSOLUTIONS,CUSTOMER_RELATIONS,1912
SYNERTEX_CORDIA,CUSTOMER_RELATIONS,8412
SYNESIS7,CUSTOMER_RELATIONS,1650
SYNRGYCORP,CUSTOMER_RELATIONS,14049
SYSOREXINC,CUSTOMER_RELATIONS,1497
SYSTEMATIC,CUSTOMER_RELATIONS,3475
SYSTEMAUTOMATION,CUSTOMER_RELATIONS,3434
SYSTEMSDEFINITION,CUSTOMER_RELATIONS,10266
T-KARTOR,CUSTOMER_RELATIONS,6098
T2SYSTEMSCANADA,CUSTOMER_RELATIONS,3989
T2SYSTEMSUSA,CUSTOMER_RELATIONS,3992
T3SOLUTIONS,CUSTOMER_RELATIONS,2064
T3W,CUSTOMER_RELATIONS,13771
TACTICALAIRSUPPORT,CUSTOMER_RELATIONS,13675
TACTICALMICRO,CUSTOMER_RELATIONS,3103
TAGENCE,CUSTOMER_RELATIONS,13864
TAILOREDCONSULTING_CORDIA,CUSTOMER_RELATIONS,11243
TAILOREDENGDEPL,CUSTOMER_RELATIONS,3986
TALATEK,CUSTOMER_RELATIONS,2068
TANAQ,CUSTOMER_RELATIONS,8717
TANGENTT,CUSTOMER_RELATIONS,8916
TANGRAMFLEX,CUSTOMER_RELATIONS,10700
TANTUSTECH,CUSTOMER_RELATIONS,12287
TAPESTRYSOLUTIONS,CUSTOMER_RELATIONS,1652
TAPESTRYTECH,CUSTOMER_RELATIONS,3813
TAURIGROUP,CUSTOMER_RELATIONS,1500
TAYGANPOINT,CUSTOMER_RELATIONS,4097
TBEC-AK,CUSTOMER_RELATIONS,12259
TCG,CUSTOMER_RELATIONS,3393
TDGINC,CUSTOMER_RELATIONS,7039
TDPSVS,CUSTOMER_RELATIONS,4223
TDYEXPENSES,CUSTOMER_RELATIONS,2109
TDYEXPENSESCANADA,CUSTOMER_RELATIONS,4744
TDYEXPENSESCHINA,CUSTOMER_RELATIONS,7010
TDYEXPENSESEUROPE,CUSTOMER_RELATIONS,12376
TDYEXPENSESJAPAN,CUSTOMER_RELATIONS,7009
TECHNOMICS,CUSTOMER_RELATIONS,2994
TECHSOFT,CUSTOMER_RELATIONS,2423
TECHSYSTEMSINC,CUSTOMER_RELATIONS,7881
TECHTREND,CUSTOMER_RELATIONS,7473
TECOLOTERESEARCH,CUSTOMER_RELATIONS,2979
TEKLARESEARCH,CUSTOMER_RELATIONS,1617
TEKNOLUXION,CUSTOMER_RELATIONS,4405
TEKSYNAP,CUSTOMER_RELATIONS,3611
TELADATA,CUSTOMER_RELATIONS,1461
TELEDYNE,CUSTOMER_RELATIONS,10456
TELEDYNEUK,CUSTOMER_RELATIONS,10186
TELEMUSGROUP,CUSTOMER_RELATIONS,8362
TELENAV,CUSTOMER_RELATIONS,2056
TELOS,CUSTOMER_RELATIONS,1576
TELUS,CUSTOMER_RELATIONS,1515
TEMPLATE,CUSTOMER_RELATIONS,2652
TERILLIUM,CUSTOMER_RELATIONS,1631
TERRAPINSYSTEMS,CUSTOMER_RELATIONS,1694
TESLA,CUSTOMER_RELATIONS,7803
TETRAPHASE,CUSTOMER_RELATIONS,3351
TFCCONSULTING,CUSTOMER_RELATIONS,4717
THEAUDLEYGROUP,CUSTOMER_RELATIONS,14193
THECLEARING,CUSTOMER_RELATIONS,8754
THEDENOVO,CUSTOMER_RELATIONS,7468
THEINTELLEKTGROUP,CUSTOMER_RELATIONS,8482
THELOCKWOODGROUPLLC,CUSTOMER_RELATIONS,11692
THEORIS,CUSTOMER_RELATIONS,4025
THEPRINCIPLECHOICE,CUSTOMER_RELATIONS,14436
THESENTINELCOMPANY,CUSTOMER_RELATIONS,3650
THOMASRILEYSTRATEGIESLLC,CUSTOMER_RELATIONS,14286
THOMPSONGRAY,CUSTOMER_RELATIONS,4157
TIBERTECHNOLOGIES,CUSTOMER_RELATIONS,6624
TICSECURITY,CUSTOMER_RELATIONS,11961
TIERTECHINTERNATIONAL,CUSTOMER_RELATIONS,2263
TIETRONIXSOFTWARE,CUSTOMER_RELATIONS,2942
TIGERINNOVATIONS,CUSTOMER_RELATIONS,13576
TIGUA,CUSTOMER_RELATIONS,6196
TIREE,CUSTOMER_RELATIONS,7992
TITANROBOTS,CUSTOMER_RELATIONS,14484
TLJINFOTECH,CUSTOMER_RELATIONS,9997
TMBHQ,CUSTOMER_RELATIONS,8907
TMPCINC,CUSTOMER_RELATIONS,13692
TOBIITECH,CUSTOMER_RELATIONS,4028
TOEROEK,CUSTOMER_RELATIONS,7208
TOFFLERASSOCIATES,CUSTOMER_RELATIONS,1562
TORCHSG,CUSTOMER_RELATIONS,8314
TOWSONUNIVERSITY,CUSTOMER_RELATIONS,4729
TOYONASSOCIATES,CUSTOMER_RELATIONS,8019
TOYONRESEARCHCORP,CUSTOMER_RELATIONS,2446
TPGCORP,CUSTOMER_RELATIONS,3806
TPO,CUSTOMER_RELATIONS,1689
TRAMMELLCROW,CUSTOMER_RELATIONS,4010
TRANSCENTRA,CUSTOMER_RELATIONS,3291
TRANSFORMATION,CUSTOMER_RELATIONS,3809
TRANSLANGLTD,CUSTOMER_RELATIONS,3347
TRANSTECHINT,CUSTOMER_RELATIONS,10514
TRANSTECHSOL,CUSTOMER_RELATIONS,4688
TREVETINC,CUSTOMER_RELATIONS,10915
TREXCORP,CUSTOMER_RELATIONS,2440
TRIADCOMMUNICATION,CUSTOMER_RELATIONS,1559
TRIAEM,CUSTOMER_RELATIONS,6250
TRIDANTSOLUTIONS,CUSTOMER_RELATIONS,9732
TRIDEAWORKS,CUSTOMER_RELATIONS,14303
TRIDENTIS,CUSTOMER_RELATIONS,7634
TRILOGYFEDERAL,CUSTOMER_RELATIONS,10764
TRIMBLE,CUSTOMER_RELATIONS,3681
TRIPOINTSOLUTIONS,CUSTOMER_RELATIONS,8028
TRMNET_CORDIA,CUSTOMER_RELATIONS,8378
TROFHOLZTECHNOLOGIES,CUSTOMER_RELATIONS,1610
TROY7,CUSTOMER_RELATIONS,9858
TRSS,CUSTOMER_RELATIONS,12296
TRUEPROBITY,CUSTOMER_RELATIONS,8680
TRUETANDEM,CUSTOMER_RELATIONS,4071
TRUSTEDMISSION,CUSTOMER_RELATIONS,2739
TSGSOLUTIONS,CUSTOMER_RELATIONS,4591
TTINC,CUSTOMER_RELATIONS,7476
TTWSOLUTIONS,CUSTOMER_RELATIONS,7449
TUNNELLCONSULTING,CUSTOMER_RELATIONS,2388
TXCORP,CUSTOMER_RELATIONS,11995
UA-ARC,CUSTOMER_RELATIONS,13841
UAS-CG,CUSTOMER_RELATIONS,8627
UES,CUSTOMER_RELATIONS,4524
ULTISAT,CUSTOMER_RELATIONS,8337
UNANET,CUSTOMER_RELATIONS,736
UNANET_LICENSES,CUSTOMER_RELATIONS,10678
UNDERSEASENSORSYSTEMS,CUSTOMER_RELATIONS,1731
UNIVERSALSTRATEGY,CUSTOMER_RELATIONS,6044
UNIVOFTENNESSEE,CUSTOMER_RELATIONS,3976
UNL,CUSTOMER_RELATIONS,7493
URBANSTRATEGIES,CUSTOMER_RELATIONS,4696
USATAMPA,CUSTOMER_RELATIONS,10097
USEITC,CUSTOMER_RELATIONS,9715
VALADOR,CUSTOMER_RELATIONS,2933
VALIANTHARBOR,CUSTOMER_RELATIONS,7400
VALLEYTECHSYSTEMS,CUSTOMER_RELATIONS,3031
VANCRO,CUSTOMER_RELATIONS,2454
VANSYSINC,CUSTOMER_RELATIONS,9584
VARIABLECONSTANT,CUSTOMER_RELATIONS,12172
VARIQ,CUSTOMER_RELATIONS,3051
VAST,CUSTOMER_RELATIONS,1695
VEDOCORP_GOVIRG,CUSTOMER_RELATIONS,8145
VENTERA,CUSTOMER_RELATIONS,4793
VENTURI,CUSTOMER_RELATIONS,3256
VENTUS-SOLUTIONS,CUSTOMER_RELATIONS,13742
VERITEGROUP,CUSTOMER_RELATIONS,11884
VERIUMCORP_ARONSON,CUSTOMER_RELATIONS,12037
VERSATECH,CUSTOMER_RELATIONS,10741
VERSATECHINC,CUSTOMER_RELATIONS,3997
VERTEXSOLUTIONSGROUP,CUSTOMER_RELATIONS,1560
VETFI,CUSTOMER_RELATIONS,14233
VETSEZ,CUSTOMER_RELATIONS,8050
VETSLLC,CUSTOMER_RELATIONS,2651
VICTOR42,CUSTOMER_RELATIONS,4538
VIGILINT,CUSTOMER_RELATIONS,8583
VIPCONSULTING,CUSTOMER_RELATIONS,3118
VISIONENGINEERED,CUSTOMER_RELATIONS,10220
VISIONIST,CUSTOMER_RELATIONS,6086
VISIONPOINTSYSTEMS,CUSTOMER_RELATIONS,9645
VIVONICS,CUSTOMER_RELATIONS,10674
VSDONLINE,CUSTOMER_RELATIONS,11684
VT-ARC_ARONSON,CUSTOMER_RELATIONS,11314
VTLO,CUSTOMER_RELATIONS,12162
WALSINGHAMGROUP,CUSTOMER_RELATIONS,7221
WARNERCON,CUSTOMER_RELATIONS,9693
WASHINGTONCORE,CUSTOMER_RELATIONS,3028
WASHINGTONTECHNOLOGYGROUP,CUSTOMER_RELATIONS,2158
WAVELINKINC,CUSTOMER_RELATIONS,14112
WEAREPLATINUM,CUSTOMER_RELATIONS,10258
WES,CUSTOMER_RELATIONS,10524
WHITEBOARDFEDERAL,CUSTOMER_RELATIONS,3233
WHITEBOXT,CUSTOMER_RELATIONS,11602
WHITEGLOVE,CUSTOMER_RELATIONS,13977
WHITETAIL-ENV,CUSTOMER_RELATIONS,11941
WHITNEYBRADLEYBROWN,CUSTOMER_RELATIONS,1958
WILLINTERACTIVE,CUSTOMER_RELATIONS,3323
WINDWALKER,CUSTOMER_RELATIONS,10174
WISCENTERPRISES,CUSTOMER_RELATIONS,2406
WISEDESIGN,CUSTOMER_RELATIONS,11355
WJTECHNOLOGIES,CUSTOMER_RELATIONS,12236
WOODSHOLEOCEANOGRAPHIC,CUSTOMER_RELATIONS,2452
WORKFORCEINSIGHT,CUSTOMER_RELATIONS,14403
WORLDAWARE,CUSTOMER_RELATIONS,4526
WSL-LLC,CUSTOMER_RELATIONS,6569
WTI,CUSTOMER_RELATIONS,2580
WWINDTECH,CUSTOMER_RELATIONS,10338
X8LLC,CUSTOMER_RELATIONS,10007
XATORCORP,CUSTOMER_RELATIONS,3701
XFINION,CUSTOMER_RELATIONS,8550
XGILITY,CUSTOMER_RELATIONS,9909
XORSECURITY,CUSTOMER_RELATIONS,11757
YAKABOD,CUSTOMER_RELATIONS,9572
YALENEWHAVEN,CUSTOMER_RELATIONS,4549
Z_XEBEC,CUSTOMER_RELATIONS,13883
Z4E,CUSTOMER_RELATIONS,9664
ZEICHNERRISK,CUSTOMER_RELATIONS,2613
ZEIDERS,CUSTOMER_RELATIONS,2229
ZELOSLLC,CUSTOMER_RELATIONS,7164
ZENCOSCONSULTING,CUSTOMER_RELATIONS,1557
ZIMMERMANASSOCIATES,CUSTOMER_RELATIONS,1973
ZOLONTECH,CUSTOMER_RELATIONS,4722
ZONLINE,CUSTOMER_RELATIONS,8080
